,,,,,,,,,,,,average,variance,,,,,,,,,
normal,5m 51s 878ms,5m 52s 27ms,6m 29s 173ms,6m 35s 147ms,6m 34s 151ms,6m 35s 888ms,6m 36s 815ms,6m 35s 960ms,6m 33s 967ms,6m 34s 964ms,6m 4s 124ms,6m 24s 9ms,,,,,,,,,,
mutat,6m 27s 894ms,6m 21s 214ms,6m 10s 131ms,6m 27s 206ms,6m 4s 71ms,6m 25s 495ms,6m 27s 899ms,6m 13s 771ms,5m 51s 541ms,5m 47s 685ms,5m 48s 300ms,6m 11s 382ms,,,,,,,,,,
normal milisec,351878,352027,389173,395147,394151,395888,396815,395960,393967,394964,364124,384008.545454545,337134927.872727,,,,,,,,,
mutating milisec,387894,381214,370131,387206,364071,385495,387899,373771,351541,347685,348300,371382.454545455,264041625.672727,,,,,,,,,
normal milisec * 10^5,3.51878,3.52027,3.89173,3.95147,3.94151,3.95888,3.96815,3.9596,3.93967,3.94964,3.64124,3.84008545454545,0.0337134927872727,,,,,,,,,
mutating milisec * 10âµ,3.87894,3.81214,3.70131,3.87206,3.64071,3.85495,3.87899,3.73771,3.51541,3.47685,3.483,3.71382454545455,0.0264041625672727,,,,,,,,,